frame,clipTime,clipDuration,elapsedTime,jfaMs,unifiedMs,selectedCameras
101,1.27019,2,3.27019,13.4628,1.34144,0
102,1.30492,2,3.30492,13.0885,1.24518,0
103,1.3339,2,3.3339,11.1817,1.75104,0
104,1.36689,2,3.36689,12.4517,1.24141,0
105,1.39976,2,3.39976,11.73,1.13693,0
106,1.4332,2,3.4332,11.8464,1.1463,0
107,1.46553,2,3.46553,10.9013,1.73299,0
108,1.49734,2,3.49734,10.4688,1.24672,0
109,1.53034,2,3.53034,11.061,1.82115,0
110,1.56169,2,3.56169,11.8448,1.16253,0
111,1.59369,2,3.59369,11.1438,1.77971,0
112,1.62715,2,3.62715,11.3216,1.50323,0
113,1.6596,2,3.6596,11.8061,1.23882,0
114,1.69309,2,3.69309,10.953,1.24458,0
115,1.72486,2,3.72486,12.5777,1.13869,0
116,1.75802,2,3.75802,12.1801,1.14912,0
117,1.79104,2,3.79104,11.7256,1.13603,0
118,1.82425,2,3.82425,11.1715,1.22538,0
119,1.85753,2,3.85753,10.1729,1.13869,0
120,1.88948,2,3.88948,10.6934,1.17712,0
121,1.92216,2,3.92216,10.3717,1.23565,0
122,1.95523,2,3.95523,11.8436,1.23421,0
123,1.98855,2,3.98855,10.8832,1.33325,0
124,0.0218425,2,4.02184,11.3335,1.25811,0
125,0.0542793,2,4.05428,11.436,1.14038,0
126,0.0877147,2,4.08771,10.917,1.18403,0
127,0.120803,2,4.1208,10.0626,1.37216,0
128,0.154093,2,4.15409,10.3885,1.35562,0
129,0.187295,2,4.1873,10.4018,1.1385,0
130,0.220296,2,4.2203,10.3783,1.14512,0
131,0.253608,2,4.25361,10.9046,1.21037,0
132,0.286814,2,4.28681,9.81456,1.40355,0
133,0.319911,2,4.31991,10.9633,1.33744,0
134,0.353221,2,4.35322,9.97568,1.1488,0
135,0.386426,2,4.38643,9.74291,1.18182,0
136,0.419839,2,4.41984,10.6691,1.11923,0
137,0.451912,2,4.45191,9.81731,1.30198,0
138,0.485216,2,4.48522,9.37194,1.14918,0
139,0.518217,2,4.51822,10.4052,1.1281,0
140,0.551607,2,4.55161,9.55859,1.13274,0
141,0.583726,2,4.58373,10.9317,1.15299,0
142,0.61716,2,4.61716,10.5643,1.29824,0
143,0.650454,2,4.65045,9.72186,1.14726,0
144,0.683614,2,4.68361,11.1047,1.33328,0
145,0.715505,2,4.7155,10.6982,1.14483,0
146,0.748804,2,4.7488,10.0446,1.20013,0
147,0.780786,2,4.78079,10.832,1.22083,0
148,0.814171,2,4.81417,10.5634,1.14794,0
149,0.847409,2,4.84741,10.0661,1.15722,0
150,0.88059,2,4.88059,11.151,1.14045,0
151,0.913868,2,4.91387,10.7468,1.19808,0
152,0.94694,2,4.94694,10.2144,1.35987,0
153,0.979971,2,4.97997,11.1259,1.32301,0
154,1.01319,2,5.01319,11.5252,1.15798,0
155,1.04661,2,5.04661,11.904,1.26154,0
156,1.07851,2,5.07851,10.9101,1.24518,0
157,1.11195,2,5.11195,10.0655,1.31277,0
158,1.14505,2,5.14505,11.0313,1.36541,0
159,1.17817,2,5.17817,10.3088,1.14256,0
160,1.21158,2,5.21158,9.92157,1.15539,0
161,1.24468,2,5.24468,12.7442,1.11542,0
162,1.27702,2,5.27702,9.95472,1.2247,0
163,1.31017,2,5.31017,10.1137,1.1121,0
164,1.34347,2,5.34347,10.5805,1.12128,0
165,1.3765,2,5.3765,9.71568,1.14278,0
166,1.40978,2,5.40978,10.7506,1.11187,0
167,1.44133,2,5.44133,10.3094,1.35578,0
168,1.47439,2,5.47439,9.2985,1.15978,0
169,1.50692,2,5.50692,10.1912,1.15712,0
170,1.54023,2,5.54023,10.0349,1.14278,0
171,1.57288,2,5.57288,9.48419,1.2448,0
172,1.60626,2,5.60626,10.671,1.22112,0
173,1.63822,2,5.63822,9.93818,1.13187,0
174,1.67161,2,5.67161,9.85373,1.15229,0
175,1.7045,2,5.7045,10.7693,1.15712,0
176,1.73769,2,5.73769,10.1493,1.15795,0
177,1.76966,2,5.76966,10.0958,1.25542,0
178,1.80268,2,5.80268,10.5521,1.38378,0
179,1.83572,2,5.83572,10.0619,1.16739,0
180,1.86911,2,5.86911,10.6829,1.14662,0
181,1.90241,2,5.90241,10.8934,1.16294,0
182,1.93556,2,5.93556,10.1067,1.3185,0
183,1.96884,2,5.96884,11.1472,1.30326,0
184,0.00206089,2,6.00206,11.8052,1.29994,0
185,0.0352907,2,6.03529,10.2024,1.15494,0
186,0.0682459,2,6.06825,11.4241,1.13254,0
187,0.101275,2,6.10128,10.1668,1.2247,0
188,0.134523,2,6.13452,11.7364,1.20218,0
189,0.167485,2,6.16749,11.0445,1.35987,0
190,0.200675,2,6.20068,10.1005,1.15715,0
191,0.233952,2,6.23395,11.0245,1.13459,0
192,0.266186,2,6.26619,10.2803,1.22541,0
193,0.29923,2,6.29923,9.74608,1.16339,0
194,0.332668,2,6.33267,10.7194,1.32355,0
195,0.364253,2,6.36425,10.0717,1.14608,0
196,0.397524,2,6.39752,9.87347,1.15997,0
197,0.429558,2,6.42956,10.4206,1.22851,0
198,0.463005,2,6.46301,9.46806,1.14941,0
199,0.495981,2,6.49598,9.80182,1.13741,0
200,0.529287,2,6.52929,9.92326,1.13382,0
201,0.561711,2,6.56171,10.86,1.19786,0
202,0.59526,2,6.59526,11.0097,1.18374,0
203,0.627377,2,6.62738,9.91456,1.33098,0
204,0.659784,2,6.65978,9.70966,1.15066,0
205,0.691312,2,6.69131,10.9998,1.11232,0
206,0.724648,2,6.72465,10.1505,1.17562,0
207,0.75697,2,6.75697,11.4745,1.21638,0
208,0.790143,2,6.79014,10.4752,1.31187,0
209,0.823387,2,6.82339,9.98867,1.15309,0
210,0.856508,2,6.85651,11.3221,1.11859,0
211,0.888844,2,6.88884,10.9291,1.14483,0
212,0.922411,2,6.92241,10.2651,1.20662,0
213,0.954051,2,6.95405,11.3169,1.21856,0
214,0.987361,2,6.98736,10.7974,1.12992,0
215,1.02036,2,7.02036,10.3201,1.15494,0
216,1.05341,2,7.05341,11.1352,1.37498,0
217,1.41505,2,7.41505,9.53354,1.11891,0
218,1.84627,2,7.84627,9.61843,1.18,0
219,1.86135,2,7.86135,11.9781,1.13869,0
220,1.88862,2,7.88862,11.8989,1.13795,0
221,1.9201,2,7.9201,10.7213,1.22131,0
222,1.9527,2,7.9527,11.1272,1.23392,0
223,1.98578,2,7.98578,10.4949,1.21856,0
224,0.0170298,2,8.01703,10.2795,1.15507,0
225,0.0490618,2,8.04906,11.1336,1.18579,0
226,0.0823975,2,8.0824,10.3327,1.24931,0
227,0.114809,2,8.11481,11.4469,1.35517,0
228,0.148125,2,8.14812,10.6208,1.1305,0
229,0.181211,2,8.18121,9.98922,1.18211,0
230,0.214408,2,8.21441,10.9053,1.14278,0
231,0.246522,2,8.24652,10.4384,1.23117,0
232,0.27984,2,8.27984,10.1979,1.37421,0
233,0.311801,2,8.3118,10.5271,1.2288,0
234,0.342141,2,8.34214,10.1148,1.13472,0
235,0.373318,2,8.37332,9.66445,1.16477,0
236,0.403159,2,8.40316,10.4696,1.13869,0
237,0.432794,2,8.43279,9.72522,1.32419,0
238,0.464755,2,8.46476,9.87498,1.13459,0
239,0.497742,2,8.49774,10.0039,1.15629,0
240,0.531048,2,8.53105,9.66006,1.21411,0
241,0.56332,2,8.56332,10.1122,1.28653,0
242,0.596727,2,8.59673,9.55197,1.16122,0
243,0.629797,2,8.6298,10.5891,1.13222,0
244,0.663103,2,8.6631,10.7772,1.11616,0
245,0.696246,2,8.69625,10.1386,1.23078,0
246,0.729567,2,8.72957,10.6859,1.22022,0
247,0.762686,2,8.76269,10.1011,1.14893,0
248,0.79599,2,8.79599,9.93837,1.1305,0
249,0.829007,2,8.82901,12.1457,1.13459,0
250,0.862322,2,8.86232,10.208,1.16941,0
251,0.893856,2,8.89386,10.0926,1.18029,0
252,0.924867,2,8.92487,11.5783,1.2247,0
253,0.956738,2,8.95674,10.6559,1.37597,0
254,0.988742,2,8.98874,12.8188,1.16963,0
255,1.01844,2,9.01844,12.9894,1.15098,0
256,1.05085,2,9.05085,13.3247,1.14973,0
257,1.08248,2,9.08248,11.7283,1.16941,0
258,1.11447,2,9.11447,12.6311,1.35603,0
